{"bench_mean": {"afrimedqa": 0.6416929595240242, "agentdojo": 0.3611525015760215, "ai2d_test": 0.7292856809302181, "bfcl": 0.6071174328815696, "cybench": 0.09603072983354674, "hle": 0.3094038297542445, "livecodebench": 0.483430452654714, "matharena": 0.6405199149736907, "mathvista_mini": 0.2604220532319392, "mmbench_v11": 0.8064689903669013, "mmlupro": 0.4992186001577007, "mtbench": 1.0, "rewardbench": 0.7123769260223789, "swebench": 0.5147014925373135, "ultrafeedback": 1.0}}